"Type","Name","Command"
"Path","C:\Users\Esteban\Documents\WindowsPowerShell\Modules",""
"Path","C:\Program Files\WindowsPowerShell\Modules",""
"Path","C:\WINDOWS\system32\WindowsPowerShell\v1.0\Modules",""
"Path","",""
,"3LCourseAZ040",
,"Add-AzFirewallRule",
,"AdoAzureHelper",
,"AdobeUM.AzureAD",
,"Altazion",
,"Altazion.Shell",
,"AmazonAthenaCmdlets",
,"AmazonDynamoDBCmdlets",
,"AmazonMarketplaceCmdlets",
,"AmazonS3Cmdlets",
,"AsBuiltReport.Microsoft.Azure",
,"Avanade.ArmTools",
,"Avanade.Azure.Models",
,"Avanade.AzureAD",
,"Avanade.AzureAD.Graph",
,"Avanade.AzureReports",
,"Avanade.AzureStorage",
,"Avanade.AzureVault",
,"AWS.Tools.Common",
,"AWS.Tools.DataZone",
,"AWS.Tools.EC2",
,"AWS.Tools.Mgn",
,"AxAzureBlueprint",
,"Az",
,"Az.Accounts",
,"Az.ActivityLogAlert",
,"Az.ADDomainServices",
,"Az.Adm",
,"Az.Advisor",
,"Az.Aks",
,"Az.AksArc",
,"Az.Alb",
,"Az.AlertsManagement",
,"Az.AnalysisServices",
,"Az.ApiManagement",
,"Az.App",
,"Az.AppComplianceAutomation",
,"Az.AppConfiguration",
,"Az.ApplicationInsights",
,"Az.ArcResourceBridge",
,"Az.Astro",
,"Az.Attestation",
,"Az.Automanage",
,"Az.Automation",
,"Az.Avd",
,"Az.BareMetal",
,"Az.Batch",
,"Az.Billing",
,"Az.BillingBenefits",
,"Az.Blueprint",
,"Az.BootStrapper",
,"Az.BotService",
,"Az.Cdn",
,"Az.ChangeAnalysis",
,"Az.Chaos",
,"Az.CloneVirtualMachine",
,"Az.CloudService",
,"Az.CodeSigning",
,"Az.CognitiveServices",
,"Az.Communication",
,"Az.Compute",
,"Az.ConfidentialLedger",
,"Az.Confluent",
,"Az.ConnectedKubernetes",
,"Az.ConnectedMachine",
,"Az.ConnectedNetwork",
,"Az.ConnectedVMware",
,"Az.ContainerInstance",
,"Az.ContainerRegistry",
,"Az.CosmosDB",
,"Az.CostManagement",
,"Az.CustomLocation",
,"Az.CustomProviders",
,"Az.Dashboard",
,"Az.DataBox",
,"Az.DataBoxEdge",
,"Az.Databricks",
,"Az.Datadog",
,"Az.DataFactory",
,"Az.DataLakeAnalytics",
,"Az.DataLakeStore",
,"Az.DataMigration",
,"Az.DataProtection",
,"Az.DataShare",
,"Az.DedicatedHsm",
,"Az.DesktopVirtualization",
,"Az.DesktopVirtualization.Utility",
,"Az.DevCenter",
,"Az.DeviceProvisioningServices",
,"Az.DeviceUpdate",
,"Az.DevOps.Blueprint",
,"Az.DevTestLabs",
,"Az.DigitalTwins",
,"Az.DiskPool",
,"Az.Dns",
,"Az.DnsResolver",
,"Az.Do",
,"Az.DynatraceObservability",
,"Az.EdgeOrder",
,"Az.EdgeZones",
,"Az.Elastic",
,"Az.ElasticSan",
,"Az.EventGrid",
,"Az.EventHub",
,"Az.Extensions.DynamicDeployment",
,"Az.FirmwareAnalysis",
,"Az.Fleet",
,"Az.FluidRelay",
,"Az.FrontDoor",
,"Az.Functions",
,"Az.GraphServices",
,"Az.GuestConfiguration",
,"Az.HanaOnAzure",
,"Az.HDInsight",
,"Az.HdInsightOnAks",
,"Az.HealthBot",
,"Az.HealthcareApis",
,"Az.HPCCache",
,"Az.ImageBuilder",
,"Az.ImageBuilder.Tools",
,"Az.ImportExport",
,"Az.Informatica",
,"Az.InfrastructureTesting",
,"Az.IotCentral",
,"Az.IotHub",
,"Az.KeyVault",
,"Az.KubernetesConfiguration",
,"Az.Kusto",
,"Az.LabServices",
,"Az.LoadTesting",
,"Az.LogicApp",
,"Az.Logz",
,"Az.MachineLearning",
,"Az.MachineLearningServices",
,"Az.Maintenance",
,"Az.ManagedNetworkFabric",
,"Az.ManagedServiceIdentity",
,"Az.ManagedServices",
,"Az.ManagementPartner",
,"Az.Maps",
,"Az.MariaDb",
,"Az.Marketplace",
,"Az.MarketplaceOrdering",
,"Az.Media",
,"Az.Migrate",
,"Az.MixedReality",
,"Az.MobileNetwork",
,"Az.Monitor",
,"Az.MonitoringSolutions",
,"Az.MsiGraphPermissions",
,"Az.MySql",
,"Az.NetAppFiles",
,"Az.Network",
,"Az.NetworkAnalytics",
,"Az.NetworkCloud",
,"Az.NetworkFunction",
,"Az.NewRelic",
,"Az.Nginx",
,"Az.NotificationHubs",
,"Az.OperationalInsights",
,"Az.Oracle",
,"Az.Orbital",
,"Az.PaloAltoNetworks",
,"Az.Peering",
,"Az.PolicyInsights",
,"Az.Portal",
,"Az.PostgreSql",
,"Az.PowerBIEmbedded",
,"Az.PrivateDns",
,"Az.ProviderHub",
,"Az.Purview",
,"Az.Quantum",
,"Az.Qumulo",
,"Az.Quota",
,"Az.RecoveryServices",
,"Az.RedisCache",
,"Az.RedisEnterpriseCache",
,"Az.Relay",
,"Az.Reservations",
,"Az.ResourceGraph",
,"Az.ResourceMover",
,"Az.Resources",
,"Az.RuntimeEnvironment",
,"Az.Search",
,"Az.Security",
,"Az.SecurityInsights",
,"Az.SelfHelp",
,"Az.ServiceBus",
,"Az.ServiceFabric",
,"Az.ServiceLinker",
,"Az.SignalR",
,"Az.Sphere",
,"Az.SpringCloud",
,"Az.Sql",
,"Az.SqlVirtualMachine",
,"Az.Ssh",
,"Az.Ssh.ArcProxy",
,"Az.StackHCI",
,"Az.StackHCI.NetworkHUD",
,"Az.StackHCIVM",
,"Az.StandbyPool",
,"Az.Storage",
,"Az.StorageAction",
,"Az.StorageCache",
,"Az.StorageMover",
,"Az.StorageSync",
,"Az.StorageTable",
,"Az.StreamAnalytics",
,"Az.Subscription",
,"Az.Support",
,"Az.Synapse",
,"Az.TimeSeriesInsights",
,"Az.Tools.Installer",
,"Az.Tools.Migration",
,"Az.Tools.Predictor",
,"Az.TrafficManager",
,"Az.VMware",
,"Az.VoiceServices",
,"Az.Websites",
,"Az.WindowsIotServices",
,"Az.Workloads",
,"Az.Wvd",
,"AzADX",
,"AzAiUtil",
,"AzAPICall",
,"AzAPICallBeta",
,"AzAppConfig",
,"AzAppGatewayVisualizer",
,"AzAppGWCert",
,"AzAppRegistrationExpiry",
,"AzAuth",
,"AzAutomationTools",
,"AzAutoTools",
,"AZBlobBackup",
,"AzBluePrint",
,"AzBobbyTables",
,"AzClassicModule",
,"AzcmHelper",
,"AzCostOptimization",
,"AzCostTools",
,"AzDanglingDomain",
,"AzDataFactoryV2Activities",
,"AzDataFactoryV2DataflowDependencies",
,"AzDataFactoryV2DatasetDependencies",
,"AzDataFactoryV2IntegrationRuntimeDependencies",
,"AzDataFactoryV2LinkedServiceDependencies",
,"AzDataFactoryV2PipelinesLastExecution",
,"AzDataFactoryV2TriggerDependencies",
,"AzDevOps",
,"AzDnsAsCode",
,"AzDO",
,"AzdoAPITools",
,"AzDOCmd",
,"AzDOps",
,"AzDOTestResults",
,"Azereo",
,"AzExpression",
,"AzExtensions",
,"AzFnUtil",
,"AZFW.NSG.LogViewer",
,"AZKVManager",
,"AzLogDcrIngestPS",
,"AzMarketplace",
,"azmi",
,"AzOps",
,"AzPipelineVariable",
,"AzPolicyEvaluation",
,"AzPolicyTest",
,"AzPreview",
,"AzPseudoGUI",
,"AzReports",
,"AzResourceGraphPS",
,"Azs.Azurebridge.Admin",
,"Azs.Backup.Admin",
,"Azs.Commerce.Admin",
,"Azs.Compute.Admin",
,"Azs.ContainerRegistry.Admin",
,"Azs.ContainerService.Admin",
,"Azs.Deployment.Admin",
,"Azs.Deployment.Worksheet",
,"Azs.Fabric.Admin",
,"Azs.Gallery.Admin",
,"Azs.Infrastructureinsights.Admin",
,"Azs.Keyvault.Admin",
,"Azs.Network.Admin",
,"Azs.Storage.Admin",
,"Azs.Subscriptions",
,"Azs.Subscriptions.Admin",
,"Azs.Syndication.Admin",
,"Azs.Tools.Admin",
,"Azs.Update.Admin",
,"AZSBTools",
,"AzsBuildUtilities",
,"AzSCAP.PolicyInsights",
,"AzSDK.ArmTemplateEvaluator.Pre",
,"AzSentinel",
,"AzSentinelTools",
,"AzSK.AAD",
,"AzSK.ADO",
,"AzSK.AzureDevOps",
,"AzSKPreview.ADO",
,"AzSKPreview.AzureDevOps",
,"AzSpeedOps",
,"AzSpeedTest",
,"AzSqlGateway",
,"AzStackHci.EnvironmentChecker",
,"AzStackHCI.VM",
,"AzStorageTable.TravisEz13",
,"AzSynapseActivities",
,"AzSynapseDataflowDependencies",
,"AzSynapseDatasetDependencies",
,"AzSynapseIntegrationRuntimeDependencies",
,"AzSynapseLinkedServiceDependencies",
,"AzSynapsePipelineLastExecution",
,"AzSynapseTriggerDependencies",
,"AzTable",
,"aztexttospeech",
,"AzToolbox",
,"aztools",
,"AzTS",
,"Azure",
,"azure-ad-license-status",
,"azure-ad-recovery-manager",
,"Azure-SecurityAsCode",
,"Azure.AnalysisServices",
,"Azure.Arc.Jumpstart.Common",
,"azure.databricks.cicd.tools",
,"azure.datafactory.tools",
,"Azure.DevOps",
,"Azure.DevOps.Function.Collection",
,"Azure.EventHub",
,"Azure.Function.Tools",
,"Azure.Storage",
,"azure.synapse.tools",
,"Azure.ToolKit",
,"AzureAD",
,"AzureAD.Standard.Preview",
,"AzureADAssessment",
,"AzureADAuthMethods",
,"AzureADCmdlets",
,"AzureAdDeployer",
,"AzureADExporter",
,"AzureAdGovernanceAssessment",
,"AzureADHybridAuthenticationManagement",
,"AzureADKerberosTest",
,"AzureADLicensing",
,"AzureADPreview",
,"AzureADStuff",
,"AzureADTenantID",
,"AzureADToolkit",
,"AzureAndADValidation",
,"AzureAPICrawler",
,"AzureApiUtils",
,"AzureApplicationStuff",
,"AzureArcConnectedAgentManagement",
,"AzureArmTemplateHelper",
,"AzureArtifactsPackageMigration",
,"AzureArtifactsPowerShellModuleHelper",
,"AzureAssess",
,"AzureAutomation",
,"AzureAutomationAuthoringToolkit",
,"AzureAutomationDebug",
,"AzureAutomationRunbookUtilities",
,"AzureAutomationTools.Logging",
,"AzureAutomationTools.PackageManagement",
,"AzureAutomationVsoGitSync",
,"AzureAvSetBasicPublicIPUpgrade",
,"AzureBasicLoadBalancerUpgrade",
,"AzureBicep",
,"AzureBlobStorageProvider",
,"AzureCli",
,"AzureCmdlets",
,"AzureCodeSigning",
,"AzureCommonStuff",
,"AzureConnectionAssistant",
,"AzureDataCatalogCmdlets",
,"AzureDatacenterIPOrNo",
,"AzureDataLakeManagement",
,"AzureDataLakeUtils",
,"AzureDataManagementCmdlets",
,"AzureDeviceStuff",
,"AzureDevOps",
,"AzureDevOps.Services.OpenApi",
,"AzureDevOpsAPIUtils",
,"AzureDevOpsBoardHelper",
,"AzureDevOpsCmdlets",
,"AzureDevopsDataCollector",
,"AzureDevOpsHelpers",
,"AzureDevOpsHousekeeping",
,"AzureDevOpsLogging",
,"AzureDevOpsMgmt",
,"AzureDevOpsPowerShell",
,"AzureDevOpsPS",
,"AzureDevopsSnapshotBranchPolicies",
,"AzureDiagnosticsAndLogAnalytics",
,"AzureExt",
,"AzureExtensions",
,"AzureFileSyncDsc",
,"AzureFunctionConfiguration",
,"AzureFunctions.PowerShell.Durable.SDK",
,"AzureFunctions.PowerShell.OpenTelemetry.SDK",
,"AzureFunctions.PowerShell.SDK",
,"AzureFwGitOps",
,"AzureGeneralHelpers",
,"AzureGraphApiHelper",
,"AzureGraphCmdlets",
,"AzureGroupStuff",
,"AzureHelper",
,"AzureHelpers",
,"AzureHunter",
,"AzureIoT",
,"AzureKeyVaultHelper",
,"AzureKeyVaultPasswordRepo",
,"AzureKQLPowerShellExtractor",
,"AzureLoadBalancerNATPoolMigration",
,"AzureM365GroupManagement",
,"AzureML",
,"AzureOtherStuff",
,"AzurePasswordManager",
,"AzurePIM",
,"AzurePipelinesPS",
,"AzurePowerShellUtilityFunctions",
,"AzureProfile",
,"AzurePSDrive",
,"AzurePublicIPAddresses",
,"AzureResourceData",
,"AzureResourceInventory",
,"AzureResourceManagementCmdlets",
,"AzureResourceSecurity",
,"AzureResourceStuff",
,"AzureRestApiHelper",
,"AzureRestHelper",
,"AzureRM",
,"azurerm-helpers",
,"AzureRM.AnalysisServices",
,"AzureRM.ApiManagement",
,"AzureRM.ApplicationInsights",
,"AzureRM.Automation",
,"AzureRm.AvailabilitySetManagement",
,"AzureRM.Backup",
,"AzureRM.Batch",
,"AzureRM.Billing",
,"AzureRM.BootStrapper",
,"AzureRM.Cdn",
,"AzureRM.CognitiveServices",
,"AzureRM.Compute",
,"AzureRM.Consumption",
,"AzureRM.ContainerInstance",
,"AzureRM.ContainerRegistry",
,"AzureRM.DataFactories",
,"AzureRM.DataFactoryV2",
,"AzureRM.DataLakeAnalytics",
,"AzureRM.DataLakeStore",
,"AzureRM.DataMigration",
,"AzureRM.DevTestLabs",
,"AzureRM.Dns",
,"AzureRM.EventGrid",
,"AzureRM.EventHub",
,"AzureRM.FrontDoor",
,"AzureRM.HDInsight",
,"AzureRM.Insights",
,"AzureRM.IotHub",
,"AzureRM.KeyVault",
,"AzureRM.LogicApp",
,"AzureRM.MachineLearning",
,"AzureRM.MachineLearningCompute",
,"AzureRM.ManagementPartner",
,"AzureRM.Maps",
,"AzureRM.MarketplaceOrdering",
,"AzureRM.Media",
,"AzureRM.Netcore",
,"AzureRM.Network",
,"AzureRM.NotificationHubs",
,"AzureRM.OperationalInsights",
,"AzureRM.PolicyInsights",
,"AzureRM.PowerBIEmbedded",
,"AzureRM.profile",
,"AzureRM.RecoveryServices",
,"AzureRM.RecoveryServices.Backup",
,"AzureRM.RecoveryServices.SiteRecovery",
,"AzureRM.RedisCache",
,"AzureRM.Relay",
,"AzureRM.Reservations",
,"AzureRM.Resources",
,"AzureRM.Scheduler",
,"AzureRM.ServerManagement",
,"AzureRM.ServiceBus",
,"AzureRM.ServiceFabric",
,"AzureRM.SignalR",
,"AzureRM.SiteRecovery",
,"AzureRM.Sql",
,"AzureRM.Storage",
,"AzureRM.StreamAnalytics",
,"AzureRM.Subscription.Preview",
,"AzureRM.Tags",
,"AzureRM.TrafficManager",
,"AzureRM.UsageAggregates",
,"AzureRM.Websites",
,"AzureRM.Websites.Experiments",
,"AzureRMADAppPermissionsReport",
,"AzureRMAppGWCert",
,"AzureRMCertAuthentication",
,"AzureRmImageManagement",
,"AzureRmMinus",
,"AzureRmStorageQueue",
,"AzureRmStorageTable",
,"AzureRoleStuff",
,"AzureSaveMoney",
,"AzureSearch",
,"AzureSecrets",
,"AzureSerialAccessConsole",
,"AzureServiceBusCreation",
,"AzureServiceBusManagement",
,"AzureServicePrincipalAccount",
,"AzureSignInAudit",
,"AzureSimpleREST",
,"AzureSqlMaintenancePlan",
,"AzureStack",
,"AzureStackHCIJumpstart",
,"AzureStackVaaS",
,"AzureStateManager",
,"AzureStorageTools",
,"AzureStuff",
,"AzureSynapseCmdlets",
,"AzureTableEntity",
,"AzureTablesCmdlets",
,"AzureToolsBD09",
,"AzureUserStuff",
,"AzureUtil",
,"AzureVMPublicIPUpgrade",
,"AzureVMSnapshot",
,"AzureVmSnapshots",
,"AzureVpnClient",
,"azureVpnP2SSelfSignedCertificate",
,"AzureWvdDsc",
,"AzViz",
,"AzVnetGraph",
,"AzWhoAmI",
,"BenchPress.Azure",
,"BitTitan.Runbooks.AzureAD",
,"BitTitan.Runbooks.AzureAD.Beta",
,"BitTitan.Runbooks.AzureRM",
,"BitTitan.Runbooks.AzureRM.Beta",
,"BitTitan.Runbooks.AzureRMS",
,"BitTitan.Runbooks.AzureRMS.Beta",
,"biz.dfch.PS.System.Logging",
,"biz.dfch.PS.System.Utilities",
,"BlazorHelp",
,"BrazenCloud",
,"BrazenCloud.ADK",
,"BrazenCloud.Yaml",
,"cAzureKeyVault",
,"cAzureStorage",
,"cEPRSAzureFeatures",
,"cEPRSDeployAzureWebsite",
,"cMoveAzureTempDrive",
,"CommonStuff",
,"Configuration",
,"Connect-AzAD_Token",
,"Connect-AzureAutomation",
,"CPolydorou.Azure.WebApp",
,"CredentialStore",
,"CWJAzureRegionIPRange",
,"CWJIPNetwork",
,"D365BCOnAzureDeployment",
,"D365BCOnAzureHelper",
,"DependencySearch",
,"Devdeer.Azure",
,"dos-install-common-azure",
,"DosInstallUtilities.Azure",
,"EasyAzureFunction",
,"EcoVadis.AzureDevOps",
,"eNLib",
,"EpinovaAzureToolBucket",
,"ExchangeOnlineManagement",
,"Export-AzureRoleAssignment",
,"gaz-toolbox",
,"Get-AllAzNics",
,"Get-AzCertificateThumbprint",
,"Get-AzureADAuthTokens",
,"Get-AzVMSku",
,"Get-CAzureRMStorageServicesAuthorizationHeader",
,"HansenAzurePS",
,"Import-JUnitToAzTestPlan",
,"ImportAZSK_UtilizationModules",
,"ImportExcel",
,"JAz.LogIngestion",
,"JAz.PIM",
,"JBUtils",
,"jtAz",
,"KeDo_AZTableAPI",
,"KeDo_AzureGraphAPI",
,"Kelverion.Azure.DevOps",
,"Kelverion.Azure.Infrastructure",
,"Kelverion.Azure.Monitor",
,"Keyops-Azure",
,"lazy-posh-git",
,"LazyExchangeAdmin.AdExpNotify",
,"LazyExchangeAdmin.SkuMon",
,"List-AllAzSubnets",
,"List-AllAzVMDefaultRoutes",
,"LumifyAzureTools",
,"MazeRats",
,"Metadata",
,"Microsoft.Azure.ActiveDirectory.PIM.PSModule",
,"Microsoft.AzureBlockchainService.ConsortiumManagement.PS",
,"Microsoft.AzureStack.HCI.CSSTools",
,"Microsoft.AzureStack.ReadinessChecker",
,"Microsoft.AzureStack.Util.ConvertNetwork",
,"Microsoft.Graph.Applications",
,"Microsoft.Graph.Authentication",
,"Microsoft.Graph.Beta.Applications",
,"Microsoft.Graph.Beta.DeviceManagement",
,"Microsoft.Graph.Beta.DeviceManagement.Actions",
,"Microsoft.Graph.Beta.DeviceManagement.Administration",
,"Microsoft.Graph.Beta.Groups",
,"Microsoft.Graph.Beta.Identity.DirectoryManagement",
,"Microsoft.Graph.Beta.Identity.SignIns",
,"Microsoft.Graph.Beta.Reports",
,"Microsoft.Graph.Beta.Users",
,"Microsoft.Graph.Beta.Users.Actions",
,"Microsoft.Graph.DeviceManagement.Enrolment",
,"Microsoft.Graph.DirectoryObjects",
,"Microsoft.Graph.Groups",
,"Microsoft.Graph.Identity.DirectoryManagement",
,"Microsoft.Graph.Identity.SignIns",
,"Microsoft.Graph.Users",
,"Microsoft.Graph.Users.Actions",
,"Microsoft.Online.SharePoint.PowerShell",
,"Microsoft.PowerShell.Operation.Validation",
,"Microsoft.PowerShell.PSResourceGet",
,"Microsoft.PowerShell.SecretManagement",
,"Microsoft.PowerShell.SecretStore",
,"Microsoft.SME.CredSspPolicy",
,"MicrosoftTeams",
,"MigrateTo-AzureRM",
,"MrAAzure",
,"MSAL.PS",
,"MSGraphStuff",
,"MSOnline",
,"NetworkingDsc",
,"New-AzureRMRESTApiAuthenticationToken",
,"NewAzDoServiceConnection",
,"Noveris.AzAuto",
,"OfficeAndAzureTools",
,"Om.Azure",
,"Om.Azure.Management",
,"Optimized.AzAutomation",
,"Optimized.Mga",
,"Optimized.Mga.AzureAD",
,"OriAzBopBoostrapOriPsgallery",
,"OSDCloudAzure",
,"PackageManagement",
,"pcit.az.rbac",
,"Pester",
,"pf-azFuncDeploy",
,"pf-AzPipelines",
,"Pinja.Azure.Alerts",
,"PipelinesAzureAgent",
,"PnP.PowerShell",
,"posh-azure",
,"posh-azurecli",
,"Posh-AzureDevOps",
,"PoshBot",
,"PoshBot.AzDos",
,"PoshBot.AzureAD",
,"PowerHTML",
,"powershell-az",
,"powershell-yaml",
,"PowerShell.Azure.Data.Explorer",
,"PowerShell.AzureDevOps",
,"PowerShellAzureFunctions",
,"PowerShellGet",
,"PPL.AzUtils",
,"ProductivityTools.AzureAutomation",
,"ProductivityTools.MasterConfiguration",
,"Provance.Azure",
,"ps-azure-container-registry",
,"ps-AzureFaceAPI",
,"ps-vmware-az-assessment",
,"psAzD",
,"psazdevtestlabs",
,"PSAzureAppConfiguration",
,"PsAzureCli",
,"PSAzureDatabricks",
,"PsAzureDevOps",
,"PSAzureFunctions",
,"PSAzureMigrationAdvisor",
,"PSAzurePipelinesCITemplate",
,"PSAzureQueue",
,"PSAzureSignTool",
,"PSAzureToolkit",
,"PSAzureUtils",
,"PSDocs",
,"PSDocs.Azure",
,"psengine.azure.tables",
,"PSFramework",
,"PSGraph",
,"PSHelpFunctions",
,"PsiPS.AzureAutomation",
,"PSLoggingFunctions",
,"PSP-AzureInventory",
,"PSParseHTML",
,"pspulumiyaml",
,"pspulumiyaml.azurenative",
,"pspulumiyaml.azurenative.aad",
,"pspulumiyaml.azurenative.aadiam",
,"pspulumiyaml.azurenative.addons",
,"pspulumiyaml.azurenative.advisor",
,"pspulumiyaml.azurenative.agfoodplatform",
,"pspulumiyaml.azurenative.alertsmanagement",
,"pspulumiyaml.azurenative.analysisservices",
,"pspulumiyaml.azurenative.apimanagement",
,"pspulumiyaml.azurenative.app",
,"pspulumiyaml.azurenative.appconfiguration",
,"pspulumiyaml.azurenative.appplatform",
,"pspulumiyaml.azurenative.attestation",
,"pspulumiyaml.azurenative.authorization",
,"pspulumiyaml.azurenative.automanage",
,"pspulumiyaml.azurenative.automation",
,"pspulumiyaml.azurenative.autonomousdevelopmentplatform",
,"pspulumiyaml.azurenative.avs",
,"pspulumiyaml.azurenative.azureactivedirectory",
,"pspulumiyaml.azurenative.azurearcdata",
,"pspulumiyaml.azurenative.azuredata",
,"pspulumiyaml.azurenative.azurestack",
,"pspulumiyaml.azurenative.azurestackhci",
,"pspulumiyaml.azurenative.batch",
,"pspulumiyaml.azurenative.billing",
,"pspulumiyaml.azurenative.blockchain",
,"pspulumiyaml.azurenative.blueprint",
,"pspulumiyaml.azurenative.botservice",
,"pspulumiyaml.azurenative.cache",
,"pspulumiyaml.azurenative.cdn",
,"pspulumiyaml.azurenative.certificateregistration",
,"pspulumiyaml.azurenative.changeanalysis",
,"pspulumiyaml.azurenative.chaos",
,"pspulumiyaml.azurenative.cognitiveservices",
,"pspulumiyaml.azurenative.communication",
,"pspulumiyaml.azurenative.compute",
,"pspulumiyaml.azurenative.confidentialledger",
,"pspulumiyaml.azurenative.confluent",
,"pspulumiyaml.azurenative.connectedvmwarevsphere",
,"pspulumiyaml.azurenative.consumption",
,"pspulumiyaml.azurenative.containerinstance",
,"pspulumiyaml.azurenative.containerregistry",
,"pspulumiyaml.azurenative.containerservice",
,"pspulumiyaml.azurenative.costmanagement",
,"pspulumiyaml.azurenative.customerinsights",
,"pspulumiyaml.azurenative.customproviders",
,"pspulumiyaml.azurenative.dashboard",
,"pspulumiyaml.azurenative.databox",
,"pspulumiyaml.azurenative.databoxedge",
,"pspulumiyaml.azurenative.databricks",
,"pspulumiyaml.azurenative.datacatalog",
,"pspulumiyaml.azurenative.datadog",
,"pspulumiyaml.azurenative.datafactory",
,"pspulumiyaml.azurenative.datalakeanalytics",
,"pspulumiyaml.azurenative.datalakestore",
,"pspulumiyaml.azurenative.datamigration",
,"pspulumiyaml.azurenative.dataprotection",
,"pspulumiyaml.azurenative.datashare",
,"pspulumiyaml.azurenative.dbformariadb",
,"pspulumiyaml.azurenative.dbformysql",
,"pspulumiyaml.azurenative.dbforpostgresql",
,"pspulumiyaml.azurenative.delegatednetwork",
,"pspulumiyaml.azurenative.deploymentmanager",
,"pspulumiyaml.azurenative.desktopvirtualization",
,"pspulumiyaml.azurenative.devhub",
,"pspulumiyaml.azurenative.devices",
,"pspulumiyaml.azurenative.deviceupdate",
,"pspulumiyaml.azurenative.devops",
,"pspulumiyaml.azurenative.devspaces",
,"pspulumiyaml.azurenative.devtestlab",
,"pspulumiyaml.azurenative.digitaltwins",
,"pspulumiyaml.azurenative.documentdb",
,"pspulumiyaml.azurenative.domainregistration",
,"pspulumiyaml.azurenative.dynamics365fraudprotection",
,"pspulumiyaml.azurenative.edgeorder",
,"pspulumiyaml.azurenative.education",
,"pspulumiyaml.azurenative.elastic",
,"pspulumiyaml.azurenative.elasticsan",
,"pspulumiyaml.azurenative.engagementfabric",
,"pspulumiyaml.azurenative.enterpriseknowledgegraph",
,"pspulumiyaml.azurenative.eventgrid",
,"pspulumiyaml.azurenative.eventhub",
,"pspulumiyaml.azurenative.extendedlocation",
,"pspulumiyaml.azurenative.features",
,"pspulumiyaml.azurenative.fluidrelay",
,"pspulumiyaml.azurenative.guestconfiguration",
,"pspulumiyaml.azurenative.hanaonazure",
,"pspulumiyaml.azurenative.hardwaresecuritymodules",
,"pspulumiyaml.azurenative.hdinsight",
,"pspulumiyaml.azurenative.healthbot",
,"pspulumiyaml.azurenative.healthcareapis",
,"pspulumiyaml.azurenative.hybridcompute",
,"pspulumiyaml.azurenative.hybridconnectivity",
,"pspulumiyaml.azurenative.hybriddata",
,"pspulumiyaml.azurenative.hybridnetwork",
,"pspulumiyaml.azurenative.importexport",
,"pspulumiyaml.azurenative.insights",
,"pspulumiyaml.azurenative.intune",
,"pspulumiyaml.azurenative.iotcentral",
,"pspulumiyaml.azurenative.iotsecurity",
,"pspulumiyaml.azurenative.keyvault",
,"pspulumiyaml.azurenative.kubernetes",
,"pspulumiyaml.azurenative.kubernetesconfiguration",
,"pspulumiyaml.azurenative.kusto",
,"pspulumiyaml.azurenative.labservices",
,"pspulumiyaml.azurenative.loadtestservice",
,"pspulumiyaml.azurenative.logic",
,"pspulumiyaml.azurenative.logz",
,"pspulumiyaml.azurenative.m365securityandcompliance",
,"pspulumiyaml.azurenative.machinelearning",
,"pspulumiyaml.azurenative.machinelearningcompute",
,"pspulumiyaml.azurenative.machinelearningexperimentation",
,"pspulumiyaml.azurenative.machinelearningservices",
,"pspulumiyaml.azurenative.maintenance",
,"pspulumiyaml.azurenative.managedidentity",
,"pspulumiyaml.azurenative.managednetwork",
,"pspulumiyaml.azurenative.managedservices",
,"pspulumiyaml.azurenative.management",
,"pspulumiyaml.azurenative.managementpartner",
,"pspulumiyaml.azurenative.maps",
,"pspulumiyaml.azurenative.marketplace",
,"pspulumiyaml.azurenative.media",
,"pspulumiyaml.azurenative.migrate",
,"pspulumiyaml.azurenative.mixedreality",
,"pspulumiyaml.azurenative.mobilenetwork",
,"pspulumiyaml.azurenative.netapp",
,"pspulumiyaml.azurenative.network",
,"pspulumiyaml.azurenative.networkfunction",
,"pspulumiyaml.azurenative.notificationhubs",
,"pspulumiyaml.azurenative.offazure",
,"pspulumiyaml.azurenative.openenergyplatform",
,"pspulumiyaml.azurenative.operationalinsights",
,"pspulumiyaml.azurenative.operationsmanagement",
,"pspulumiyaml.azurenative.orbital",
,"pspulumiyaml.azurenative.peering",
,"pspulumiyaml.azurenative.policyinsights",
,"pspulumiyaml.azurenative.portal",
,"pspulumiyaml.azurenative.powerbi",
,"pspulumiyaml.azurenative.powerbidedicated",
,"pspulumiyaml.azurenative.powerplatform",
,"pspulumiyaml.azurenative.providerhub",
,"pspulumiyaml.azurenative.purview",
,"pspulumiyaml.azurenative.quantum",
,"pspulumiyaml.azurenative.recommendationsservice",
,"pspulumiyaml.azurenative.recoveryservices",
,"pspulumiyaml.azurenative.redhatopenshift",
,"pspulumiyaml.azurenative.relay",
,"pspulumiyaml.azurenative.resourceconnector",
,"pspulumiyaml.azurenative.resourcegraph",
,"pspulumiyaml.azurenative.resources",
,"pspulumiyaml.azurenative.saas",
,"pspulumiyaml.azurenative.scheduler",
,"pspulumiyaml.azurenative.scvmm",
,"pspulumiyaml.azurenative.search",
,"pspulumiyaml.azurenative.security",
,"pspulumiyaml.azurenative.securityandcompliance",
,"pspulumiyaml.azurenative.securityinsights",
,"pspulumiyaml.azurenative.serialconsole",
,"pspulumiyaml.azurenative.servicebus",
,"pspulumiyaml.azurenative.servicefabric",
,"pspulumiyaml.azurenative.servicefabricmesh",
,"pspulumiyaml.azurenative.servicelinker",
,"pspulumiyaml.azurenative.signalrservice",
,"pspulumiyaml.azurenative.softwareplan",
,"pspulumiyaml.azurenative.solutions",
,"pspulumiyaml.azurenative.sql",
,"pspulumiyaml.azurenative.sqlvirtualmachine",
,"pspulumiyaml.azurenative.storage",
,"pspulumiyaml.azurenative.storagecache",
,"pspulumiyaml.azurenative.storagepool",
,"pspulumiyaml.azurenative.storagesync",
,"pspulumiyaml.azurenative.storsimple",
,"pspulumiyaml.azurenative.streamanalytics",
,"pspulumiyaml.azurenative.subscription",
,"pspulumiyaml.azurenative.synapse",
,"pspulumiyaml.azurenative.testbase",
,"pspulumiyaml.azurenative.timeseriesinsights",
,"pspulumiyaml.azurenative.videoanalyzer",
,"pspulumiyaml.azurenative.videoindexer",
,"pspulumiyaml.azurenative.virtualmachineimages",
,"pspulumiyaml.azurenative.visualstudio",
,"pspulumiyaml.azurenative.vmwarecloudsimple",
,"pspulumiyaml.azurenative.web",
,"pspulumiyaml.azurenative.webpubsub",
,"pspulumiyaml.azurenative.windowsesu",
,"pspulumiyaml.azurenative.windowsiot",
,"pspulumiyaml.azurenative.workloads",
,"PSReadLine",
,"PSRule",
,"PSRule.Rules.Azure",
,"PSRule.Rules.AzureDevOps",
,"PSSlack",
,"PSSQLite",
,"PSWinDocumentation.AzureHealthService",
,"PwrRazzle",
,"PwshAzContainer",
,"PwshAzCosmosDB",
,"Refactor",
,"Remove-AzVMDisksNICsPIPs",
,"Rename-AzVm",
,"Repair-AzVM",
,"RestConnect",
,"Revo.Az",
,"RPGDice",
,"RVR.AZPipelineTools",
,"SACRED.Rotate.Azure.CosmosDB",
,"SACRED.Rotate.Azure.ServicePrincipal",
,"SACRED.Update.Azure.KeyVault",
,"SACRED.Util.Azure",
,"Sampler.AzureDevOpsTasks",
,"SAPAzurePowerShellModules",
,"SCOrchDev-AzureAutomationIntegration",
,"SCOrchDev-Exception",
,"SCOrchDev-File",
,"SCOrchDev-GitIntegration",
,"SCOrchDev-Utility",
,"Set-AzAdvancedContext",
,"SHiPS",
,"SimpleAzureDevOps",
,"SitecoreInstallAzure",
,"SixPivot.Azure",
,"sjAzureTools",
,"SkunkLabAzure",
,"SmartPlanets.AzureUtilities",
,"spec.azure.tables",
,"SpecAzTables",
,"SpecAzTableStorageTools",
,"Split-AzResourceID",
,"Taskal.Azure.Modules",
,"TMConsole.Provider.Amazon.MGN",
,"Trackyon.Utils",
,"UMN-Azure",
,"UncommonSense.AzureDevops.Logging",
,"UniversalDashboard.Azure",
,"Update-ImmutableIDAzureAD",
,"Use-AzureAD",
,"VcRedist",
,"VSTeam",
,"VstsTaskSdk",
,"WakeUpAzureWebApp",
,"Write-AzLogEntry",
,"xActiveDirectory",
,"XAz",
,"xAzure",
,"xAzurePack",
,"xAzureTempDrive",
,"xDhcpServer",
,"xDnsServer",
,"AppBackgroundTask",
,"AppLocker",
,"AppvClient",
,"Appx",
,"AssignedAccess",
,"BitLocker",
,"BitsTransfer",
,"BranchCache",
,"CimCmdlets",
,"ConfigCI",
,"ConfigDefender",
,"ConfigDefenderPerformance",
,"Defender",
,"DefenderPerformance",
,"DeliveryOptimization",
,"DirectAccessClientComponents",
,"Dism",
,"DnsClient",
,"EventTracingManagement",
,"Get-NetView",
,"HostNetworkingService",
,"International",
,"iSCSI",
,"ISE",
,"Kds",
,"LanguagePackManagement",
,"LAPS",
,"Microsoft.PowerShell.Archive",
,"Microsoft.PowerShell.Diagnostics",
,"Microsoft.PowerShell.Host",
,"Microsoft.PowerShell.LocalAccounts",
,"Microsoft.PowerShell.Management",
,"Microsoft.PowerShell.ODataUtils",
,"Microsoft.PowerShell.Security",
,"Microsoft.PowerShell.Utility",
,"Microsoft.Windows.Bcd.Cmdlets",
,"Microsoft.WSMan.Management",
,"MMAgent",
,"MsDtc",
,"NetAdapter",
,"NetConnection",
,"NetEventPacketCapture",
,"NetLbfo",
,"NetNat",
,"NetQos",
,"NetSecurity",
,"NetSwitchTeam",
,"NetTCPIP",
,"NetworkConnectivityStatus",
,"NetworkSwitchManager",
,"NetworkTransition",
,"PcsvDevice",
,"PersistentMemory",
,"PKI",
,"PnpDevice",
,"PrintManagement",
,"ProcessMitigations",
,"Provisioning",
,"PSDesiredStateConfiguration",
,"PSDiagnostics",
,"PSScheduledJob",
,"PSWorkflow",
,"PSWorkflowUtility",
,"ScheduledTasks",
,"SecureBoot",
,"SmbShare",
,"SmbWitness",
,"StartLayout",
,"Storage",
,"StorageBusCache",
,"TLS",
,"TroubleshootingPack",
,"TrustedPlatformModule",
,"UEV",
,"VMDirectStorage",
,"VpnClient",
,"Wdac",
,"Whea",
,"WindowsDeveloperLicense",
,"WindowsErrorReporting",
,"WindowsSearch",
,"WindowsUpdate",
,"WinHttpProxy",
